{
    "TP-base": 351,
    "TP-comp": 351,
    "FP": 45,
    "FN": 233,
    "precision": 0.8863636363636364,
    "recall": 0.601027397260274,
    "f1": 0.7163265306122448,
    "base cnt": 584,
    "comp cnt": 396,
    "TP-comp_TP-gt": 272,
    "TP-comp_FP-gt": 79,
    "TP-base_TP-gt": 272,
    "TP-base_FP-gt": 79,
    "gt_concordance": 0.7749287749287749,
    "gt_matrix": {
        "(1, 1)": {
            "(0, 1)": 18,
            "(1, 1)": 92,
            "(1, 0)": 1
        },
        "(1, 0)": {
            "(1, 1)": 32,
            "(1, 0)": 28,
            "(0, 1)": 67
        },
        "(0, 1)": {
            "(0, 1)": 44,
            "(1, 1)": 28,
            "(1, 0)": 41
        }
    }
}