{
    "TP-base": 386,
    "TP-comp": 386,
    "FP": 43,
    "FN": 198,
    "precision": 0.8997668997668997,
    "recall": 0.660958904109589,
    "f1": 0.7620927936821322,
    "base cnt": 584,
    "comp cnt": 429,
    "TP-comp_TP-gt": 327,
    "TP-comp_FP-gt": 59,
    "TP-base_TP-gt": 327,
    "TP-base_FP-gt": 59,
    "gt_concordance": 0.8471502590673575,
    "gt_matrix": {
        "(1, 1)": {
            "(1, 1)": 102,
            "(0, 1)": 12,
            "(1, 0)": 2
        },
        "(1, 0)": {
            "(1, 1)": 22,
            "(1, 0)": 53,
            "(0, 1)": 66
        },
        "(0, 1)": {
            "(0, 1)": 62,
            "(1, 1)": 23,
            "(1, 0)": 44
        }
    }
}