{
    "TP-base": 421,
    "TP-comp": 421,
    "FP": 186,
    "FN": 163,
    "precision": 0.6935749588138386,
    "recall": 0.7208904109589042,
    "f1": 0.7069689336691856,
    "base cnt": 584,
    "comp cnt": 607,
    "TP-comp_TP-gt": 316,
    "TP-comp_FP-gt": 105,
    "TP-base_TP-gt": 316,
    "TP-base_FP-gt": 105,
    "gt_concordance": 0.7505938242280285,
    "gt_matrix": {
        "(1, 1)": {
            "(1, 1)": 100,
            "(None, None)": 3,
            "(0, 1)": 18
        },
        "(0, 1)": {
            "(1, 1)": 25,
            "(0, 1)": 108,
            "(None, None)": 13
        },
        "(1, 0)": {
            "(None, None)": 17,
            "(0, 1)": 108,
            "(1, 1)": 29
        }
    }
}